ID,School DfE Number,Username
13001,10001,OKlein
13002,10001,BMcMillan
13003,10001,FStark
13004,10001,NGilbertson
13005,10001,EParker
13006,10001,SSantana
13007,10001,RLees
13008,10001,LPratt
13009,10001,MThomas
13010,10001,PBarlow
13011,10001,PHampton
13012,10001,DMatheson
13013,10001,CMcCray
13014,10001,Rcottle
13015,10001,Fmarkley
13016,10001,Jbartels
13017,10001,Mparsons
13018,10001,Eballard
13019,10001,Wbevins
13020,10001,Rcazares
13021,10001,Dmorrison
13022,10001,Wbisson
