{
	"info": {
		"_postman_id": "48d74f44-d36a-4b8e-8917-36a0a6b097c7",
		"name": "OneRoster V1.1-OAuth2",
		"description": "OneRoster® API version 1.1 spec is availble here: \nhttps://www.imsglobal.org/oneroster-v11-final-specification",
		"schema": "https://schema.getpostman.com/json/collection/v2.1.0/collection.json"
	},
	"item": [
		{
			"name": "APIs required for SDS",
			"item": [
				{
					"name": "Get OAuth2 Token",
					"event": [
						{
							"listen": "test",
							"script": {
								"id": "32c5c3e3-86c3-4eca-a819-ee024c9a2cb8",
								"exec": [
									"tests[\"Get OAuth 2 Access Token\"] = responseCode.code === 200;",
									"",
									"var data = JSON.parse(responseBody);",
									"if(responseCode.code === 200)",
									"{",
									"    pm.environment.set(\"OAuth2AccessToken\", data.access_token);   // \"Bearer \" + ",
									"    pm.environment.set(\"OAuth2RefreshToken\", data.refresh_token);",
									"    tests[\"Parse access token\"] = true;",
									"}"
								],
								"type": "text/javascript"
							}
						}
					],
					"request": {
						"auth": {
							"type": "noauth"
						},
						"method": "POST",
						"header": [
							{
								"key": "Accept",
								"value": "application/json"
							},
							{
								"key": "Content-Type",
								"name": "Content-Type",
								"value": "application/x-www-form-urlencoded",
								"type": "text"
							}
						],
						"body": {
							"mode": "urlencoded",
							"urlencoded": [
								{
									"key": "grant_type",
									"value": "client_credentials",
									"type": "text"
								},
								{
									"key": "client_id",
									"value": "{{OneRosterConsumerKey}}",
									"type": "text"
								},
								{
									"key": "client_secret",
									"value": "{{OneRosterConsumerSecret}}",
									"type": "text"
								},
								{
									"key": "scope",
									"value": "openid",
									"type": "text",
									"disabled": true
								}
							]
						},
						"url": {
							"raw": "{{Oauth2TokenAddress}}?",
							"host": [
								"{{Oauth2TokenAddress}}"
							],
							"query": [
								{
									"key": "filter",
									"value": "status='active'",
									"description": "Filters for active records",
									"disabled": true
								}
							]
						},
						"description": "Gets a page of schools"
					},
					"response": []
				},
				{
					"name": "Get Schools",
					"event": [
						{
							"listen": "test",
							"script": {
								"id": "caabe21d-c66c-49e2-91bf-7decc9273f5b",
								"exec": [
									"tests[\"Get Schools\"] = responseCode.code === 200;",
									"var data = JSON.parse(responseBody);",
									"if(responseCode.code === 200)",
									"{",
									"    if (data.schools !== null && data.schools !== undefined)",
									"    {",
									"        pm.environment.set(\"school_id\", data.schools[0].sourcedId);",
									"        console.log(\"School ID set to: \" + pm.variables.get(\"school_id\"));",
									"        tests[\"Parse response\"] = true;",
									"    }",
									"    else if (data.orgs !== null && data.orgs !== undefined)",
									"    {",
									"        pm.environment.set(\"school_id\", data.orgs[0].sourcedId);",
									"        console.log(\"School ID set to: \" + pm.variables.get(\"school_id\"));",
									"        tests[\"Parse response\"] = true;",
									"    }",
									"    else",
									"    {",
									"        tests[\"Parse response\"] = false;",
									"    }",
									"}"
								],
								"type": "text/javascript"
							}
						}
					],
					"request": {
						"method": "GET",
						"header": [
							{
								"key": "Accept",
								"value": "application/json"
							}
						],
						"body": {},
						"url": {
							"raw": "{{OneRosterHost}}/ims/oneroster/v1p1/schools?offset=0&limit=100&filter=status='active'",
							"host": [
								"{{OneRosterHost}}"
							],
							"path": [
								"ims",
								"oneroster",
								"v1p1",
								"schools"
							],
							"query": [
								{
									"key": "offset",
									"value": "0",
									"description": "The index of the first record to return. (zero indexed)"
								},
								{
									"key": "limit",
									"value": "100",
									"description": "Number of results to return from selected index"
								},
								{
									"key": "filter",
									"value": "status='active'"
								}
							]
						},
						"description": "Gets a page of schools"
					},
					"response": []
				},
				{
					"name": "Get Classes",
					"event": [
						{
							"listen": "test",
							"script": {
								"id": "3a8baee6-9e96-4de4-9cca-21d328886665",
								"exec": [
									"tests[\"Get Classes\"] = responseCode.code === 200;",
									"var data = JSON.parse(responseBody);",
									"if(responseCode.code === 200)",
									"{",
									"    pm.environment.set(\"class_id\", data.classes[0].sourcedId);",
									"    console.log(\"Class ID set to: \" + pm.variables.get(\"class_id\"));",
									"    ",
									"    pm.environment.set(\"school_id\", data.classes[0].school.sourcedId);",
									"    console.log(\"School ID set to: \" + pm.variables.get(\"school_id\"));",
									"    ",
									"    tests[\"Parse response\"] = true;",
									"}"
								],
								"type": "text/javascript"
							}
						}
					],
					"request": {
						"method": "GET",
						"header": [
							{
								"key": "Accept",
								"value": "application/json"
							}
						],
						"body": {},
						"url": {
							"raw": "{{OneRosterHost}}/ims/oneroster/v1p1/classes?offset=0&limit=100&filter=status='active'",
							"host": [
								"{{OneRosterHost}}"
							],
							"path": [
								"ims",
								"oneroster",
								"v1p1",
								"classes"
							],
							"query": [
								{
									"key": "offset",
									"value": "0",
									"description": "The index of the first record to return. (zero indexed)"
								},
								{
									"key": "limit",
									"value": "100",
									"description": "Number of results to return from selected index"
								},
								{
									"key": "filter",
									"value": "status='active'"
								}
							]
						},
						"description": "Gets a page of classes"
					},
					"response": []
				},
				{
					"name": "Get Students",
					"event": [
						{
							"listen": "test",
							"script": {
								"id": "a05bbb66-be64-4261-92d8-b9f2b5222bf8",
								"exec": [
									"tests[\"Get Students\"] = responseCode.code === 200;",
									"var data = JSON.parse(responseBody);",
									"if(responseCode.code === 200)",
									"{",
									"    if (data.students !== null && data.students !== undefined)",
									"    {",
									"        pm.environment.set(\"student_id\", data.students[0].sourcedId);",
									"        console.log(\"Student ID set to: \" + pm.variables.get(\"student_id\"));",
									"        tests[\"Parse response\"] = true;",
									"    }",
									"    else if (data.users !== null && data.users !== undefined)",
									"    {",
									"        pm.environment.set(\"student_id\", data.users[0].sourcedId);",
									"        console.log(\"Student ID set to: \" + pm.variables.get(\"student_id\"));",
									"        tests[\"Parse response\"] = true;",
									"    }",
									"    else",
									"    {",
									"        tests[\"Parse response\"] = false;",
									"    }",
									"}"
								],
								"type": "text/javascript"
							}
						}
					],
					"request": {
						"method": "GET",
						"header": [
							{
								"key": "Accept",
								"value": "application/json"
							}
						],
						"body": {},
						"url": {
							"raw": "{{OneRosterHost}}/ims/oneroster/v1p1/students?offset=0&limit=100",
							"host": [
								"{{OneRosterHost}}"
							],
							"path": [
								"ims",
								"oneroster",
								"v1p1",
								"students"
							],
							"query": [
								{
									"key": "offset",
									"value": "0",
									"description": "The index of the first record to return. (zero indexed)"
								},
								{
									"key": "limit",
									"value": "100",
									"description": "Number of results to return from selected index"
								}
							]
						},
						"description": "Gets a page of students."
					},
					"response": []
				},
				{
					"name": "Get Teachers",
					"event": [
						{
							"listen": "test",
							"script": {
								"id": "bc157692-107c-413e-9ad6-a8ff7ccbbeb0",
								"exec": [
									"tests[\"Get Teachers\"] = responseCode.code === 200;",
									"var data = JSON.parse(responseBody);",
									"if(responseCode.code === 200)",
									"{",
									"    if (data.teachers !== null && data.teachers !== undefined)",
									"    {",
									"        pm.environment.set(\"teacher_id\", data.teachers[0].sourcedId);",
									"        console.log(\"Teacher ID set to: \" + pm.variables.get(\"teacher_id\"));",
									"        tests[\"Parse response\"] = true;",
									"    }",
									"    else if (data.users !== null && data.users !== undefined)",
									"    {",
									"        pm.environment.set(\"teacher_id\", data.users[0].sourcedId);",
									"        console.log(\"Teacher ID set to: \" + pm.variables.get(\"teacher_id\"));",
									"        tests[\"Parse response\"] = true;",
									"    }",
									"    else",
									"    {",
									"        tests[\"Parse response\"] = false;",
									"    }",
									"}"
								],
								"type": "text/javascript"
							}
						}
					],
					"request": {
						"method": "GET",
						"header": [
							{
								"key": "Accept",
								"value": "application/json"
							}
						],
						"body": {},
						"url": {
							"raw": "{{OneRosterHost}}/ims/oneroster/v1p1/teachers?offset=0&limit=100&filter=status='active'",
							"host": [
								"{{OneRosterHost}}"
							],
							"path": [
								"ims",
								"oneroster",
								"v1p1",
								"teachers"
							],
							"query": [
								{
									"key": "offset",
									"value": "0",
									"description": "The index of the first record to return. (zero indexed)"
								},
								{
									"key": "limit",
									"value": "100",
									"description": "Number of results to return from selected index"
								},
								{
									"key": "filter",
									"value": "status='active'",
									"description": "Filters for active records"
								}
							]
						},
						"description": "Gets a page of teachers."
					},
					"response": []
				},
				{
					"name": "Get Student Enrollments of a School",
					"event": [
						{
							"listen": "test",
							"script": {
								"id": "1d063039-0d8d-492f-bca2-8756cc36c08c",
								"exec": [
									"tests[\"Get Student Enrollments\"] = responseCode.code === 200;"
								],
								"type": "text/javascript"
							}
						}
					],
					"request": {
						"method": "GET",
						"header": [
							{
								"key": "Accept",
								"value": "application/json"
							}
						],
						"body": {},
						"url": {
							"raw": "{{OneRosterHost}}/ims/oneroster/v1p1/schools/{{school_id}}/enrollments?offset=0&limit=100&filter=role='student'",
							"host": [
								"{{OneRosterHost}}"
							],
							"path": [
								"ims",
								"oneroster",
								"v1p1",
								"schools",
								"{{school_id}}",
								"enrollments"
							],
							"query": [
								{
									"key": "offset",
									"value": "0",
									"description": "The index of the first record to return. (zero indexed)"
								},
								{
									"key": "limit",
									"value": "100",
									"description": "Number of results to return from selected index"
								},
								{
									"key": "filter",
									"value": "role='student'",
									"description": "Filters for active records"
								}
							]
						},
						"description": "Gets a page of enrollments"
					},
					"response": []
				},
				{
					"name": "Get Teacher Enrollments of a School",
					"event": [
						{
							"listen": "test",
							"script": {
								"id": "1d063039-0d8d-492f-bca2-8756cc36c08c",
								"exec": [
									"tests[\"Get Teacher Enrollments\"] = responseCode.code === 200;"
								],
								"type": "text/javascript"
							}
						}
					],
					"request": {
						"method": "GET",
						"header": [
							{
								"key": "Accept",
								"value": "application/json"
							}
						],
						"body": {},
						"url": {
							"raw": "{{OneRosterHost}}/ims/oneroster/v1p1/schools/{{school_id}}/enrollments?offset=0&limit=100&filter=role='teacher'",
							"host": [
								"{{OneRosterHost}}"
							],
							"path": [
								"ims",
								"oneroster",
								"v1p1",
								"schools",
								"{{school_id}}",
								"enrollments"
							],
							"query": [
								{
									"key": "offset",
									"value": "0",
									"description": "The index of the first record to return. (zero indexed)"
								},
								{
									"key": "limit",
									"value": "100",
									"description": "Number of results to return from selected index"
								},
								{
									"key": "filter",
									"value": "role='teacher'",
									"description": "Filters for active records"
								}
							]
						},
						"description": "Gets a page of enrollments"
					},
					"response": []
				},
				{
					"name": "Get Academic Sessions (Terms)",
					"event": [
						{
							"listen": "test",
							"script": {
								"id": "af65a0c6-66d1-499f-af02-b813724afca7",
								"exec": [
									"tests[\"Get Academic Sessions\"] = responseCode.code === 200;"
								],
								"type": "text/javascript"
							}
						}
					],
					"request": {
						"method": "GET",
						"header": [
							{
								"key": "Accept",
								"value": "application/json"
							}
						],
						"body": {},
						"url": {
							"raw": "{{OneRosterHost}}/ims/oneroster/v1p1/academicSessions?offset=0&limit=100",
							"host": [
								"{{OneRosterHost}}"
							],
							"path": [
								"ims",
								"oneroster",
								"v1p1",
								"academicSessions"
							],
							"query": [
								{
									"key": "offset",
									"value": "0",
									"description": "The index of the first record to return. (zero indexed)"
								},
								{
									"key": "limit",
									"value": "100",
									"description": "Number of results to return from selected index"
								},
								{
									"key": "filter",
									"value": "status='active'",
									"description": "Filters for active records",
									"disabled": true
								}
							]
						},
						"description": "Gets a page of academic sessions. Academic sessions can be of type \"School Year\", Term\", \"Semester\", \"GradingPeriod\""
					},
					"response": []
				},
				{
					"name": "Get Active Schools Delta",
					"event": [
						{
							"listen": "test",
							"script": {
								"id": "caabe21d-c66c-49e2-91bf-7decc9273f5b",
								"exec": [
									"tests[\"Get active schools delta\"] = responseCode.code === 200;",
									"var data = JSON.parse(responseBody);",
									"if(responseCode.code === 200)",
									"{",
									"    if (data.schools !== null && data.schools !== undefined)",
									"    {",
									"        pm.environment.set(\"school_id\", data.schools[0].sourcedId);",
									"        console.log(\"School ID set to: \" + pm.variables.get(\"school_id\"));",
									"        tests[\"Parse response\"] = true;",
									"    }",
									"    else if (data.orgs !== null && data.orgs !== undefined)",
									"    {",
									"        pm.environment.set(\"school_id\", data.orgs[0].sourcedId);",
									"        console.log(\"School ID set to: \" + pm.variables.get(\"school_id\"));",
									"        tests[\"Parse response\"] = true;",
									"    }",
									"    else",
									"    {",
									"        tests[\"Parse response\"] = false;",
									"    }",
									"}"
								],
								"type": "text/javascript"
							}
						}
					],
					"request": {
						"method": "GET",
						"header": [
							{
								"key": "Accept",
								"value": "application/json"
							}
						],
						"body": {},
						"url": {
							"raw": "{{OneRosterHost}}/ims/oneroster/v1p1/schools?offset=0&limit=100&filter=status='active' AND dateLastModified>'2016-01-01T01:01:01.111Z'",
							"host": [
								"{{OneRosterHost}}"
							],
							"path": [
								"ims",
								"oneroster",
								"v1p1",
								"schools"
							],
							"query": [
								{
									"key": "offset",
									"value": "0",
									"description": "The index of the first record to return. (zero indexed)"
								},
								{
									"key": "limit",
									"value": "100",
									"description": "Number of results to return from selected index"
								},
								{
									"key": "filter",
									"value": "status='active' AND dateLastModified>'2016-01-01T01:01:01.111Z'",
									"description": "Filters for active records"
								}
							]
						},
						"description": "Gets a page of schools"
					},
					"response": []
				},
				{
					"name": "Get Active Classes Delta",
					"event": [
						{
							"listen": "test",
							"script": {
								"id": "3a8baee6-9e96-4de4-9cca-21d328886665",
								"exec": [
									"tests[\"Get Active Classes Delta\"] = responseCode.code === 200;",
									"var data = JSON.parse(responseBody);",
									"if(responseCode.code === 200)",
									"{",
									"    pm.environment.set(\"class_id\", data.classes[0].sourcedId);",
									"    console.log(\"Class ID set to: \" + pm.variables.get(\"class_id\"));",
									"    ",
									"    pm.environment.set(\"school_id\", data.classes[0].school.sourcedId);",
									"    console.log(\"School ID set to: \" + pm.variables.get(\"school_id\"));",
									"    ",
									"    tests[\"Parse response\"] = true;",
									"}"
								],
								"type": "text/javascript"
							}
						}
					],
					"request": {
						"method": "GET",
						"header": [
							{
								"key": "Accept",
								"value": "application/json"
							}
						],
						"body": {},
						"url": {
							"raw": "{{OneRosterHost}}/ims/oneroster/v1p1/classes?offset=0&limit=100&filter=status='active' AND dateLastModified>'2016-01-01T01:01:01.111Z'",
							"host": [
								"{{OneRosterHost}}"
							],
							"path": [
								"ims",
								"oneroster",
								"v1p1",
								"classes"
							],
							"query": [
								{
									"key": "offset",
									"value": "0",
									"description": "The index of the first record to return. (zero indexed)"
								},
								{
									"key": "limit",
									"value": "100",
									"description": "Number of results to return from selected index"
								},
								{
									"key": "filter",
									"value": "status='active' AND dateLastModified>'2016-01-01T01:01:01.111Z'",
									"description": "Filters for active records"
								}
							]
						},
						"description": "Gets a page of classes"
					},
					"response": []
				},
				{
					"name": "Get Active Students Delta",
					"event": [
						{
							"listen": "test",
							"script": {
								"id": "a05bbb66-be64-4261-92d8-b9f2b5222bf8",
								"exec": [
									"tests[\"Get Active Students Delta\"] = responseCode.code === 200;",
									"var data = JSON.parse(responseBody);",
									"if(responseCode.code === 200)",
									"{",
									"    if (data.students !== null && data.students !== undefined)",
									"    {",
									"        pm.environment.set(\"student_id\", data.students[0].sourcedId);",
									"        console.log(\"Student ID set to: \" + pm.variables.get(\"student_id\"));",
									"        tests[\"Parse response\"] = true;",
									"    }",
									"    else if (data.users !== null && data.users !== undefined)",
									"    {",
									"        pm.environment.set(\"student_id\", data.users[0].sourcedId);",
									"        console.log(\"Student ID set to: \" + pm.variables.get(\"student_id\"));",
									"        tests[\"Parse response\"] = true;",
									"    }",
									"    else",
									"    {",
									"        tests[\"Parse response\"] = false;",
									"    }",
									"}"
								],
								"type": "text/javascript"
							}
						}
					],
					"request": {
						"method": "GET",
						"header": [
							{
								"key": "Accept",
								"value": "application/json"
							}
						],
						"body": {},
						"url": {
							"raw": "{{OneRosterHost}}/ims/oneroster/v1p1/students?offset=0&limit=100&filter=status='active' AND dateLastModified>'2016-01-01T01:01:01.111Z'",
							"host": [
								"{{OneRosterHost}}"
							],
							"path": [
								"ims",
								"oneroster",
								"v1p1",
								"students"
							],
							"query": [
								{
									"key": "offset",
									"value": "0",
									"description": "The index of the first record to return. (zero indexed)"
								},
								{
									"key": "limit",
									"value": "100",
									"description": "Number of results to return from selected index"
								},
								{
									"key": "filter",
									"value": "status='active' AND dateLastModified>'2016-01-01T01:01:01.111Z'",
									"description": "Filters for active records"
								}
							]
						},
						"description": "Gets a page of students."
					},
					"response": []
				},
				{
					"name": "Get Active Teachers Delta",
					"event": [
						{
							"listen": "test",
							"script": {
								"id": "bc157692-107c-413e-9ad6-a8ff7ccbbeb0",
								"exec": [
									"tests[\"Get Active Teachers Delta\"] = responseCode.code === 200;",
									"var data = JSON.parse(responseBody);",
									"if(responseCode.code === 200)",
									"{",
									"    if (data.teachers !== null && data.teachers !== undefined)",
									"    {",
									"        pm.environment.set(\"teacher_id\", data.teachers[0].sourcedId);",
									"        console.log(\"Teacher ID set to: \" + pm.variables.get(\"teacher_id\"));",
									"        tests[\"Parse response\"] = true;",
									"    }",
									"    else if (data.users !== null && data.users !== undefined)",
									"    {",
									"        pm.environment.set(\"teacher_id\", data.users[0].sourcedId);",
									"        console.log(\"Teacher ID set to: \" + pm.variables.get(\"teacher_id\"));",
									"        tests[\"Parse response\"] = true;",
									"    }",
									"    else",
									"    {",
									"        tests[\"Parse response\"] = false;",
									"    }",
									"}"
								],
								"type": "text/javascript"
							}
						}
					],
					"request": {
						"method": "GET",
						"header": [
							{
								"key": "Accept",
								"value": "application/json"
							}
						],
						"body": {},
						"url": {
							"raw": "{{OneRosterHost}}/ims/oneroster/v1p1/teachers?offset=0&limit=100&filter=status='active'",
							"host": [
								"{{OneRosterHost}}"
							],
							"path": [
								"ims",
								"oneroster",
								"v1p1",
								"teachers"
							],
							"query": [
								{
									"key": "offset",
									"value": "0",
									"description": "The index of the first record to return. (zero indexed)"
								},
								{
									"key": "limit",
									"value": "100",
									"description": "Number of results to return from selected index"
								},
								{
									"key": "filter",
									"value": "status='active'",
									"description": "Filters for active records"
								}
							]
						},
						"description": "Gets a page of teachers."
					},
					"response": []
				},
				{
					"name": "Get Student Enrollments Delta",
					"event": [
						{
							"listen": "test",
							"script": {
								"id": "1d063039-0d8d-492f-bca2-8756cc36c08c",
								"exec": [
									"tests[\"Get Student Enrollments Delta\"] = responseCode.code === 200;"
								],
								"type": "text/javascript"
							}
						}
					],
					"request": {
						"method": "GET",
						"header": [
							{
								"key": "Accept",
								"value": "application/json"
							}
						],
						"body": {},
						"url": {
							"raw": "{{OneRosterHost}}/ims/oneroster/v1p1/schools/{{school_id}}/enrollments?offset=0&limit=100&filter=role='student' AND dateLastModified>'2016-01-01T01:01:01.111Z'",
							"host": [
								"{{OneRosterHost}}"
							],
							"path": [
								"ims",
								"oneroster",
								"v1p1",
								"schools",
								"{{school_id}}",
								"enrollments"
							],
							"query": [
								{
									"key": "offset",
									"value": "0",
									"description": "The index of the first record to return. (zero indexed)"
								},
								{
									"key": "limit",
									"value": "100",
									"description": "Number of results to return from selected index"
								},
								{
									"key": "filter",
									"value": "role='student' AND dateLastModified>'2016-01-01T01:01:01.111Z'",
									"description": "Filters for active records"
								}
							]
						},
						"description": "Gets a page of enrollments"
					},
					"response": []
				},
				{
					"name": "Get Teacher Enrollment Delta",
					"event": [
						{
							"listen": "test",
							"script": {
								"id": "1d063039-0d8d-492f-bca2-8756cc36c08c",
								"exec": [
									"tests[\"Get Teacher Enrollments Delta\"] = responseCode.code === 200;"
								],
								"type": "text/javascript"
							}
						}
					],
					"request": {
						"method": "GET",
						"header": [
							{
								"key": "Accept",
								"value": "application/json"
							}
						],
						"body": {},
						"url": {
							"raw": "{{OneRosterHost}}/ims/oneroster/v1p1/schools/{{school_id}}/enrollments?offset=0&limit=100&filter=role='teacher' AND dateLastModified>'2016-01-01T01:01:01.111Z'",
							"host": [
								"{{OneRosterHost}}"
							],
							"path": [
								"ims",
								"oneroster",
								"v1p1",
								"schools",
								"{{school_id}}",
								"enrollments"
							],
							"query": [
								{
									"key": "offset",
									"value": "0",
									"description": "The index of the first record to return. (zero indexed)"
								},
								{
									"key": "limit",
									"value": "100",
									"description": "Number of results to return from selected index"
								},
								{
									"key": "filter",
									"value": "role='teacher' AND dateLastModified>'2016-01-01T01:01:01.111Z'",
									"description": "Filters for active records"
								}
							]
						},
						"description": "Gets a page of enrollments"
					},
					"response": []
				},
				{
					"name": "Get School by ID",
					"event": [
						{
							"listen": "test",
							"script": {
								"id": "da4daa74-78b8-4cbf-994a-49037a3b66b7",
								"exec": [
									"tests[\"Get School by ID\"] = responseCode.code === 200;"
								],
								"type": "text/javascript"
							}
						}
					],
					"request": {
						"method": "GET",
						"header": [
							{
								"key": "Accept",
								"value": "application/json"
							}
						],
						"body": {},
						"url": {
							"raw": "{{OneRosterHost}}/ims/oneroster/v1p1/schools/{{school_id}}",
							"host": [
								"{{OneRosterHost}}"
							],
							"path": [
								"ims",
								"oneroster",
								"v1p1",
								"schools",
								"{{school_id}}"
							]
						},
						"description": "Gets a school by ID"
					},
					"response": []
				},
				{
					"name": "Get Class by ID",
					"event": [
						{
							"listen": "test",
							"script": {
								"id": "d628ac07-fa53-4a3d-8f88-fe7772bddca1",
								"exec": [
									"tests[\"Get Class by ID\"] = responseCode.code === 200;"
								],
								"type": "text/javascript"
							}
						}
					],
					"request": {
						"method": "GET",
						"header": [
							{
								"key": "Accept",
								"value": "application/json"
							}
						],
						"body": {},
						"url": {
							"raw": "{{OneRosterHost}}/ims/oneroster/v1p1/classes/{{class_id}}",
							"host": [
								"{{OneRosterHost}}"
							],
							"path": [
								"ims",
								"oneroster",
								"v1p1",
								"classes",
								"{{class_id}}"
							]
						},
						"description": "Gets a class by ID"
					},
					"response": []
				},
				{
					"name": "Get Student by ID",
					"event": [
						{
							"listen": "test",
							"script": {
								"id": "621bb0f6-8a44-4003-894c-463fb686e6d3",
								"exec": [
									"tests[\"Get Student by ID\"] = responseCode.code === 200;"
								],
								"type": "text/javascript"
							}
						}
					],
					"request": {
						"method": "GET",
						"header": [
							{
								"key": "Accept",
								"value": "application/json"
							}
						],
						"body": {},
						"url": {
							"raw": "{{OneRosterHost}}/ims/oneroster/v1p1/students/{{student_id}}",
							"host": [
								"{{OneRosterHost}}"
							],
							"path": [
								"ims",
								"oneroster",
								"v1p1",
								"students",
								"{{student_id}}"
							]
						},
						"description": "Gets a student by ID"
					},
					"response": []
				},
				{
					"name": "Get Teacher by ID",
					"event": [
						{
							"listen": "test",
							"script": {
								"id": "bfe2c5d4-0467-441f-8467-b5b4f094ff0d",
								"exec": [
									"tests[\"Get Teacher by ID\"] = responseCode.code === 200;"
								],
								"type": "text/javascript"
							}
						}
					],
					"request": {
						"method": "GET",
						"header": [
							{
								"key": "Accept",
								"value": "application/json"
							}
						],
						"body": {},
						"url": {
							"raw": "{{OneRosterHost}}/ims/oneroster/v1p1/teachers/{{teacher_id}}",
							"host": [
								"{{OneRosterHost}}"
							],
							"path": [
								"ims",
								"oneroster",
								"v1p1",
								"teachers",
								"{{teacher_id}}"
							]
						},
						"description": "Gets a teacher by ID"
					},
					"response": []
				}
			]
		},
		{
			"name": "APIs used for Debugging",
			"item": [
				{
					"name": "Get Courses",
					"request": {
						"method": "GET",
						"header": [
							{
								"key": "Accept",
								"value": "application/json"
							}
						],
						"body": {},
						"url": {
							"raw": "{{OneRosterHost}}/ims/oneroster/v1p1/courses?offset=0&limit=100",
							"host": [
								"{{OneRosterHost}}"
							],
							"path": [
								"ims",
								"oneroster",
								"v1p1",
								"courses"
							],
							"query": [
								{
									"key": "offset",
									"value": "0",
									"description": "The index of the first record to return. (zero indexed)"
								},
								{
									"key": "limit",
									"value": "100",
									"description": "Number of results to return from selected index"
								},
								{
									"key": "filter",
									"value": "status='active'",
									"description": "Filters for active records",
									"disabled": true
								}
							]
						},
						"description": "Gets a page of courses"
					},
					"response": []
				},
				{
					"name": "Get Student Enrollments of a Class",
					"request": {
						"method": "GET",
						"header": [
							{
								"key": "Accept",
								"value": "application/json"
							}
						],
						"body": {},
						"url": {
							"raw": "{{OneRosterHost}}/{{class_id}}/enrollments?filter=role='student' AND status='active'&offset=0&limit=100",
							"host": [
								"{{OneRosterHost}}"
							],
							"path": [
								"{{class_id}}",
								"enrollments"
							],
							"query": [
								{
									"key": "filter",
									"value": "role='student' AND status='active'",
									"description": "Filters for active student enrollments"
								},
								{
									"key": "offset",
									"value": "0"
								},
								{
									"key": "limit",
									"value": "100",
									"description": "Number of results to return from selected index"
								}
							]
						},
						"description": "Gets a page of enrollments"
					},
					"response": []
				},
				{
					"name": "Get Teacher Enrollments of a Class",
					"request": {
						"method": "GET",
						"header": [
							{
								"key": "Accept",
								"value": "application/json"
							}
						],
						"body": {},
						"url": {
							"raw": "{{OneRosterHost}}/{{class_id}}/enrollments?filter=role='teacher' AND status='active'&offset=0&limit=100",
							"host": [
								"{{OneRosterHost}}"
							],
							"path": [
								"{{class_id}}",
								"enrollments"
							],
							"query": [
								{
									"key": "filter",
									"value": "role='teacher' AND status='active'",
									"description": "Filters for active teacher enrollments"
								},
								{
									"key": "offset",
									"value": "0"
								},
								{
									"key": "limit",
									"value": "100",
									"description": "Number of results to return from selected index"
								}
							]
						},
						"description": "Gets a page of enrollments"
					},
					"response": []
				},
				{
					"name": "Get Student's Classes",
					"request": {
						"method": "GET",
						"header": [
							{
								"key": "Accept",
								"value": "application/json"
							}
						],
						"body": {},
						"url": {
							"raw": "{{OneRosterHost}}/ims/oneroster/v1p1/students/{{student_id}}/classes?offset=0&limit=100",
							"host": [
								"{{OneRosterHost}}"
							],
							"path": [
								"ims",
								"oneroster",
								"v1p1",
								"students",
								"{{student_id}}",
								"classes"
							],
							"query": [
								{
									"key": "offset",
									"value": "0",
									"description": "The index of the first record to return. (zero indexed)"
								},
								{
									"key": "limit",
									"value": "100",
									"description": "Number of results to return from selected index"
								}
							]
						},
						"description": "Gets a page of classes"
					},
					"response": []
				},
				{
					"name": "Get Teacher's Classes",
					"request": {
						"method": "GET",
						"header": [
							{
								"key": "Accept",
								"value": "application/json"
							}
						],
						"body": {},
						"url": {
							"raw": "{{OneRosterHost}}/ims/oneroster/v1p1/teachers/{{teacher_id}}/classes?offset=0&limit=100",
							"host": [
								"{{OneRosterHost}}"
							],
							"path": [
								"ims",
								"oneroster",
								"v1p1",
								"teachers",
								"{{teacher_id}}",
								"classes"
							],
							"query": [
								{
									"key": "offset",
									"value": "0",
									"description": "The index of the first record to return. (zero indexed)"
								},
								{
									"key": "limit",
									"value": "100",
									"description": "Number of results to return from selected index"
								}
							]
						},
						"description": "Gets a page of classes"
					},
					"response": []
				},
				{
					"name": "Search User by Name",
					"request": {
						"method": "GET",
						"header": [
							{
								"key": "Accept",
								"value": "application/json"
							}
						],
						"body": {},
						"url": {
							"raw": "{{OneRosterHost}}/ims/oneroster/v1p1/users?filter=givenName='Smith' AND familyName='Azure'",
							"host": [
								"{{OneRosterHost}}"
							],
							"path": [
								"ims",
								"oneroster",
								"v1p1",
								"users"
							],
							"query": [
								{
									"key": "filter",
									"value": "givenName='Smith' AND familyName='Azure'"
								},
								{
									"key": "filter",
									"value": "",
									"disabled": true
								}
							]
						},
						"description": "Gets a student by ID"
					},
					"response": []
				},
				{
					"name": "Search User by Username or Email",
					"request": {
						"method": "GET",
						"header": [
							{
								"key": "Accept",
								"value": "application/json"
							}
						],
						"body": {},
						"url": {
							"raw": "{{OneRosterHost}}/ims/oneroster/v1p1/users?filter=username='stud1' OR email~'stud1'",
							"host": [
								"{{OneRosterHost}}"
							],
							"path": [
								"ims",
								"oneroster",
								"v1p1",
								"users"
							],
							"query": [
								{
									"key": "filter",
									"value": "username='stud1' OR email~'stud1'"
								},
								{
									"key": "filter",
									"value": "",
									"disabled": true
								}
							]
						},
						"description": "Gets a student by ID"
					},
					"response": []
				}
			],
			"event": [
				{
					"listen": "prerequest",
					"script": {
						"id": "4b96751c-7d08-4d3d-a8b9-45d9326ef53f",
						"type": "text/javascript",
						"exec": [
							""
						]
					}
				},
				{
					"listen": "test",
					"script": {
						"id": "1ad3de83-97d1-4333-8e42-71ae383a12bf",
						"type": "text/javascript",
						"exec": [
							""
						]
					}
				}
			]
		}
	],
	"auth": {
		"type": "bearer",
		"bearer": [
			{
				"key": "token",
				"value": "{{OAuth2AccessToken}}",
				"type": "string"
			}
		]
	},
	"event": [
		{
			"listen": "prerequest",
			"script": {
				"id": "98200562-bf2b-4a24-b118-5f5c84d9b65c",
				"type": "text/javascript",
				"exec": [
					""
				]
			}
		},
		{
			"listen": "test",
			"script": {
				"id": "e18aefb8-4fa0-4abe-94d3-036da62e6c7a",
				"type": "text/javascript",
				"exec": [
					""
				]
			}
		}
	],
	"variable": [
		{
			"id": "311afb80-d9f5-46eb-b1e1-f41a9067005e",
			"key": "school_id",
			"value": "",
			"type": "string"
		},
		{
			"id": "f048b2dc-8a29-4d3e-9532-c6c5bed02079",
			"key": "class_id",
			"value": "",
			"type": "string"
		},
		{
			"id": "be582f3e-fad1-4c2f-a51f-5dbc9c10cf4c",
			"key": "student_id",
			"value": "",
			"type": "string"
		},
		{
			"id": "8e185452-9eb6-426b-ac67-28872d1014f7",
			"key": "teacher_id",
			"value": "",
			"type": "string"
		}
	]
}