{
	"id": "dac1b7a9-13d7-4d07-8b9e-94744ac9163a",
	"name": "OneRoster-CredentialsTemplate",
	"values": [
		{
			"key": "OneRosterHost",
			"value": "Input Required",
			"description": {
				"content": "",
				"type": "text/plain"
			},
			"enabled": true
		},
		{
			"key": "Oauth2TokenAddress",
			"value": "Input Required for OAuth2",
			"description": {
				"content": "",
				"type": "text/plain"
			},
			"enabled": true
		},
		{
			"key": "OneRosterConsumerKey",
			"value": "Input Required",
			"description": {
				"content": "",
				"type": "text/plain"
			},
			"enabled": true
		},
		{
			"key": "OneRosterConsumerSecret",
			"value": "Input Required",
			"description": {
				"content": "",
				"type": "text/plain"
			},
			"enabled": true
		},
		{
			"key": "TeacherEmailAddress",
			"value": "Input Required for GradeSync",
			"description": {
				"content": "",
				"type": "text/plain"
			},
			"enabled": true
		},
		{
			"key": "OAuth2AccessToken",
			"value": "Auto Generated",
			"description": {
				"content": "",
				"type": "text/plain"
			},
			"enabled": true
		},
		{
			"key": "OAuth2RefreshToken",
			"value": "Auto Generated",
			"description": {
				"content": "",
				"type": "text/plain"
			},
			"enabled": true
		},
		{
			"key": "school_id",
			"value": "Auto Generated",
			"description": {
				"content": "",
				"type": "text/plain"
			},
			"enabled": true
		},
		{
			"key": "class_id",
			"value": "Auto Generated",
			"description": {
				"content": "",
				"type": "text/plain"
			},
			"enabled": true
		},
		{
			"key": "student_id",
			"value": "Auto Generated",
			"description": {
				"content": "",
				"type": "text/plain"
			},
			"enabled": true
		},
		{
			"key": "teacher_id",
			"value": "Auto Generated",
			"description": {
				"content": "",
				"type": "text/plain"
			},
			"enabled": true
		},
		{
			"key": "term_id",
			"value": "Auto Generated",
			"description": {
				"content": "",
				"type": "text/plain"
			},
			"enabled": true
		},
		{
			"key": "term_end_date",
			"value": "Auto Generated",
			"description": {
				"content": "",
				"type": "text/plain"
			},
			"enabled": true
		},
		{
			"key": "term_start_date",
			"value": "Auto Generated",
			"description": {
				"content": "",
				"type": "text/plain"
			},
			"enabled": true
		},
		{
			"key": "lineitem_id",
			"value": "Auto Generated",
			"description": {
				"content": "",
				"type": "text/plain"
			},
			"enabled": true
		},
		{
			"key": "lineitem_title",
			"value": "Auto Generated",
			"description": {
				"content": "",
				"type": "text/plain"
			},
			"enabled": true
		},
		{
			"key": "lineitem_assign_date",
			"value": "Auto Generated",
			"description": {
				"content": "",
				"type": "text/plain"
			},
			"enabled": true
		},
		{
			"key": "lineitem_due_date",
			"value": "Auto Generated",
			"description": {
				"content": "",
				"type": "text/plain"
			},
			"enabled": true
		},
		{
			"key": "result_id",
			"value": "Auto Generated",
			"description": {
				"content": "",
				"type": "text/plain"
			},
			"enabled": true
		},
		{
			"key": "result_score",
			"value": "Auto Generated",
			"description": {
				"content": "",
				"type": "text/plain"
			},
			"enabled": true
		},
		{
			"key": "result_score_date",
			"value": "Auto Generated",
			"description": {
				"content": "",
				"type": "text/plain"
			},
			"enabled": true
		}
	],
	"_postman_variable_scope": "environment",
	"_postman_exported_at": "2020-08-27T12:45:15.814Z",
	"_postman_exported_using": "Postman/7.31.0"
}